mean_absolute_error,mean_squared_error,mean_squared_log_error,median_absolute_error,r2_score,explained_variance
0.372998974808878,1.535164368050902,0.001740174065255169,0.05688552412911463,0.9563798626498727,0.9563868784866775
